id,focus,signal,slack,drag,confidence,score,lane,kind,invariant
g001,trust boundary,87,27,6,72,348,ship,baseline,monotonic-signal
g002,claim drift,65,22,8,55,256,ship,edge,drag-penalty
g003,replay exposure,102,57,10,53,396,ship,recovery,confidence-floor
g004,policy width,80,42,13,97,353,ship,negative,lane-boundary
g005,trust boundary,72,37,37,38,217,ship,baseline,monotonic-signal
g006,claim drift,72,37,8,56,293,ship,edge,drag-penalty
g007,replay exposure,31,40,16,26,127,watch,recovery,confidence-floor
g008,policy width,102,44,43,102,366,ship,negative,lane-boundary
g009,trust boundary,97,48,37,101,366,ship,baseline,monotonic-signal
g010,claim drift,54,53,14,62,249,ship,edge,drag-penalty
g011,replay exposure,80,23,4,47,302,ship,recovery,confidence-floor
g012,policy width,53,10,43,44,127,watch,negative,lane-boundary
g013,trust boundary,43,76,13,90,269,ship,baseline,monotonic-signal
g014,claim drift,85,77,29,75,349,ship,edge,drag-penalty
g015,replay exposure,110,45,18,29,368,ship,recovery,confidence-floor
g016,policy width,82,66,14,53,337,ship,negative,lane-boundary
g017,trust boundary,71,44,34,70,259,ship,baseline,monotonic-signal
g018,claim drift,113,71,4,40,442,ship,edge,drag-penalty
g019,replay exposure,50,17,11,29,174,watch,recovery,confidence-floor
g020,policy width,110,62,16,71,431,ship,negative,lane-boundary
g021,trust boundary,99,17,41,54,286,ship,baseline,monotonic-signal
g022,claim drift,53,32,34,52,175,watch,edge,drag-penalty
g023,replay exposure,78,77,32,96,343,ship,recovery,confidence-floor
g024,policy width,94,67,33,37,320,ship,negative,lane-boundary
g025,trust boundary,61,45,35,55,213,ship,baseline,monotonic-signal
g026,claim drift,92,21,37,25,248,ship,edge,drag-penalty
g027,replay exposure,111,12,40,101,366,ship,recovery,confidence-floor
g028,policy width,36,10,22,100,174,watch,negative,lane-boundary
g029,trust boundary,90,46,35,61,307,ship,baseline,monotonic-signal
g030,claim drift,33,32,43,46,91,hold,edge,drag-penalty
g031,replay exposure,96,27,28,43,302,ship,recovery,confidence-floor
g032,policy width,40,62,22,89,227,ship,negative,lane-boundary
g033,trust boundary,106,47,41,74,357,ship,baseline,monotonic-signal
g034,claim drift,55,42,31,28,173,watch,edge,drag-penalty
g035,replay exposure,33,42,28,52,137,watch,recovery,confidence-floor
g036,policy width,113,45,40,69,373,ship,negative,lane-boundary
g037,trust boundary,113,49,14,39,399,ship,baseline,monotonic-signal
g038,claim drift,72,53,45,28,207,ship,edge,drag-penalty
g039,replay exposure,55,58,41,70,211,ship,recovery,confidence-floor
g040,policy width,50,28,19,53,193,watch,negative,lane-boundary
g041,trust boundary,95,15,31,51,289,ship,baseline,monotonic-signal
g042,claim drift,33,11,38,95,129,watch,edge,drag-penalty
g043,replay exposure,94,12,43,36,244,ship,recovery,confidence-floor
g044,policy width,84,50,26,54,304,ship,negative,lane-boundary
g045,trust boundary,38,71,19,24,171,watch,baseline,monotonic-signal
g046,claim drift,63,49,17,100,304,ship,edge,drag-penalty
g047,replay exposure,35,76,18,99,244,ship,recovery,confidence-floor
g048,policy width,112,22,20,60,378,ship,negative,lane-boundary
g049,trust boundary,66,67,22,45,266,ship,baseline,monotonic-signal
g050,claim drift,91,22,25,42,287,ship,edge,drag-penalty
g051,replay exposure,63,37,7,88,300,ship,recovery,confidence-floor
g052,policy width,52,12,20,73,201,ship,negative,lane-boundary
g053,trust boundary,94,72,28,27,325,ship,baseline,monotonic-signal
g054,claim drift,31,50,13,51,168,watch,edge,drag-penalty
g055,replay exposure,47,26,7,68,221,ship,recovery,confidence-floor
g056,policy width,102,17,26,38,309,ship,negative,lane-boundary
g057,trust boundary,45,15,16,27,145,watch,baseline,monotonic-signal
g058,claim drift,64,51,13,69,286,ship,edge,drag-penalty
g059,replay exposure,77,37,25,52,270,ship,recovery,confidence-floor
g060,policy width,43,32,41,50,129,watch,negative,lane-boundary
g061,trust boundary,74,67,30,94,323,ship,baseline,monotonic-signal
g062,claim drift,49,52,26,35,182,watch,edge,drag-penalty
g063,replay exposure,81,47,4,53,335,ship,recovery,confidence-floor
g064,policy width,59,47,16,23,215,ship,negative,lane-boundary
g065,trust boundary,96,50,23,99,391,ship,baseline,monotonic-signal
g066,claim drift,74,54,28,98,318,ship,edge,drag-penalty
g067,replay exposure,66,58,11,59,293,ship,recovery,confidence-floor
g068,policy width,66,63,4,44,297,ship,negative,lane-boundary
g069,trust boundary,113,33,44,41,325,ship,baseline,monotonic-signal
g070,claim drift,96,20,45,87,305,ship,edge,drag-penalty
g071,replay exposure,91,16,5,72,351,ship,recovery,confidence-floor
g072,policy width,48,17,7,26,173,watch,negative,lane-boundary
g073,trust boundary,74,55,10,50,307,ship,baseline,monotonic-signal
g074,claim drift,47,76,34,67,216,ship,edge,drag-penalty
g075,replay exposure,37,54,5,37,192,watch,recovery,confidence-floor
g076,policy width,79,11,13,26,248,ship,negative,lane-boundary
g077,trust boundary,104,27,40,68,327,ship,baseline,monotonic-signal
g078,claim drift,76,72,34,51,283,ship,edge,drag-penalty
g079,replay exposure,65,27,11,49,249,ship,recovery,confidence-floor
g080,policy width,107,42,43,93,370,ship,negative,lane-boundary
g081,trust boundary,44,17,40,34,103,watch,baseline,monotonic-signal
g082,claim drift,104,77,10,52,421,ship,edge,drag-penalty
g083,replay exposure,93,55,26,22,304,ship,recovery,confidence-floor
g084,policy width,47,31,15,98,240,ship,negative,lane-boundary
g085,trust boundary,72,22,11,97,313,ship,baseline,monotonic-signal
g086,claim drift,88,20,31,58,280,ship,edge,drag-penalty
g087,replay exposure,55,56,43,43,178,watch,recovery,confidence-floor
g088,policy width,86,42,8,40,324,ship,negative,lane-boundary
g089,trust boundary,105,37,13,86,412,ship,baseline,monotonic-signal
g090,claim drift,30,72,38,71,157,watch,edge,drag-penalty
g091,replay exposure,84,57,31,25,272,ship,recovery,confidence-floor
g092,policy width,115,52,29,49,388,ship,negative,lane-boundary
g093,trust boundary,90,52,30,66,328,ship,baseline,monotonic-signal
g094,claim drift,34,55,32,36,129,watch,edge,drag-penalty
g095,replay exposure,100,59,34,25,316,ship,recovery,confidence-floor
g096,policy width,49,63,37,67,203,ship,negative,lane-boundary
